ID,First Name,Last Name,Email
1,Itzel,Garza,itzelGarza@gmail.com
2,Jose,Casal,jose@gmail.com
3,Daniel,Esquer,daniel@gmail.com
4,Angel,Santos,angel@gmail.com
5,Daisy,Casal,daisy@gmail.com
6,Hunter,Garza,hunter@gmail.com
7,Ricardo,Valenzuela,ricardo@gmail.com
8,Brandon,Hernandez,Brandon@gmail.com
9,Eliu,Fierro,eliu@gmail.com
10,Angel,Flores,@floresA@gmail.com